1GNGG25F_1%,
1GNGG25R_1%,
1GNGG29R_1%,
1GNEC13T_1%,
1GNEC13V_1%,
1GNHG39R_1%,
1GNEK13T_1%,
1GNHG35F_1%,
1GNHG35G_1%,
1GNFG15M_1%,
1GNEK13V_1%,
1GNHG35R_1%,
1GNFG15R_1%,
1GNFG15W_1%,
1GNFG65R_1%,
1GTGK13U_1%,
1B3ES56C_3%,
1B3AS56C_3%,
1B3AS76F_3%,
WVWSE61J_3%,
WVWSK61J_3%,
WVWSP61J_3%,
WVWTE61J_3%,
1HGEM215_3%,
1HGEM219_3%,
1J4FA291_3%,
1J4FA49S_3%,
1J4FA59S_3%,
1J4FA69S_3%,
1G8AK52F_3%,
1G8AK54F_3%,
1G8AL52F_3%,
1G8AL54F_3%,
1G8AM12F_3%,
1G8AM14F_3%,
1G8AN12F_3%,
1G8AN14F_3%,
1G8AV12F_3%,
1G8AV14F_3%,
1G8AW12F_3%,
1G8AW14F_3%,
1G8AF52F_3%,
1G8AF54F_3%,
1G8AG52F_3%,
1G8AG54F_3%,
1G8AJ52F_3%,
1G8AJ54F_3%,
1G8AZ52F_3%,
1G8AZ54F_3%,
1G6KD54Y_3%,
1G6KD57Y_3%,
1HGEM225_3%,
1HGEM229_3%,
1FDSE35F_2%,
1FDSE35L_2%,
1FDSE35S_2%,
1FCHE292_2%,
1B3ES76F_3%,
1FCJE39L_3%,
1HGES156_3%,
1HGES166_3%,
2FMDA584_3%,
1FDWE35F_2%,
1FDWE35L_2%,
1FDWE35S_2%,
1FDWE45F_2%,
1FCKE39L_2%,
1FDSE35F_3%,
1FDSE35L_3%,
1FDSE35S_3%,
1FCHE292_3%,
2HGES151_3%,
2HGES154_3%,
2HGES156_3%,
2HGES161_3%,
2HGES164_3%,
1GBGG25R_2%,
1GBGG29R_2%,
3VWSB69M_2%,
4USCN334_2%,
4USCN534_2%,
4F2CU061_2%,
4F2CU081_2%,
4F2CU091_2%,
3VWSE69M_2%,
3VWSG69M_2%,
3VWSK69M_2%,
3VWSP69M_2%,
3VWTG69M_2%,
3VWTH69M_2%,
3VWRB69M_2%,
4F4ZR16U_2%,
3VWRK69M_2%,
4F4ZR47E_2%,
4F4YR16U_2%,
4F4YR16V_2%,
4F4YR46E_2%,
3VWRP69M_2%,
1FDWE35F_3%,
1FDWE35L_3%,
1FDWE35S_3%,
1FDWE45F_3%,
2GCEK19N_3%,
2GTFK69U_3%,
1GCGK13U_2%,
1GAGG29R_2%,
5UXFA535_2%,
5UXFB335_2%,
5UXFB935_2%,
4F2YU06B_2%,
4F2YU061_2%,
4F2YU07B_2%,
4F2YU071_2%,
4S2CM57W_2%,
4F2YU081_2%,
4F2YU091_2%,
4F4YR12D_2%,
1FCKE39L_3%,
1GAHG35F_2%,
1GAHG35G_2%,
1GBHG31R_2%,
1GAHG35R_2%,
1GAHG39F_2%,
1GAHG39G_2%,
1GBJG31F_2%,
1GBJG31G_2%,
1GAHG39R_2%,
1GBHG31F_2%,
1GBHG31G_2%,
1GBJG31R_2%,
4F4YR12U_2%,
5GZCZ23D_2%,
5GZCZ33D_2%,
5GZCZ43D_2%,
5GZCZ63B_2%,
5UMCL934_2%,
5UMCN934_2%,
JHMES151_3%,
JHMES156_3%,
JHMES161_3%,
JHMES166_3%,
2HGES166_3%,
3VWCP21C_3%,
3VWDD21C_3%,
3VWDD21Y_3%,
3VWSE69M_3%,
3VWSK69M_3%,
3VWSP69M_3%